,com.acmeair.config.AcmeAirConfiguration$ServiceData,com.acmeair.config.AcmeAirConfiguration,com.acmeair.config.LoaderREST,com.acmeair.entities.AirportCodeMapping,com.acmeair.entities.Booking,com.acmeair.entities.BookingPK,com.acmeair.entities.Customer$MemberShipStatus,com.acmeair.entities.Customer$PhoneType,com.acmeair.entities.Customer,com.acmeair.entities.CustomerAddress,com.acmeair.entities.CustomerSession,com.acmeair.entities.Flight,com.acmeair.entities.FlightPK,com.acmeair.entities.FlightSegment,com.acmeair.loader.CustomerLoader,com.acmeair.loader.FlightLoader,com.acmeair.loader.Loader,com.acmeair.morphia.entities.AirportCodeMappingImpl,com.acmeair.morphia.entities.BookingImpl,com.acmeair.morphia.entities.CustomerAddressImpl,com.acmeair.morphia.entities.CustomerImpl,com.acmeair.morphia.entities.CustomerSessionImpl,com.acmeair.morphia.entities.FlightImpl,com.acmeair.morphia.entities.FlightSegmentImpl,com.acmeair.morphia.services.util.MongoConnectionManager,com.acmeair.morphia.services.BookingServiceImpl,com.acmeair.morphia.services.CustomerServiceImpl,com.acmeair.morphia.services.FlightServiceImpl,com.acmeair.morphia.BigDecimalConverter,com.acmeair.morphia.BigIntegerConverter,com.acmeair.morphia.DatastoreFactory,com.acmeair.morphia.MorphiaConstants,com.acmeair.reporter.parser.component.JmeterJTLParser,com.acmeair.reporter.parser.component.JmeterSummariserParser,com.acmeair.reporter.parser.component.JtlTotals,com.acmeair.reporter.parser.component.NmonParser,com.acmeair.reporter.parser.IndividualChartResults,com.acmeair.reporter.parser.MultipleChartResults,com.acmeair.reporter.parser.OverallResults,com.acmeair.reporter.parser.ResultParser,com.acmeair.reporter.parser.ResultParserHelper,com.acmeair.reporter.util.Messages,com.acmeair.reporter.util.StatResult,com.acmeair.reporter.ReportGenerator,com.acmeair.service.BookingService,com.acmeair.service.CustomerService,com.acmeair.service.DataService,com.acmeair.service.FlightService,com.acmeair.service.KeyGenerator,com.acmeair.service.ServiceLocator$1,com.acmeair.service.ServiceLocator$2,com.acmeair.service.ServiceLocator,com.acmeair.service.TransactionService,com.acmeair.web.dto.AddressInfo,com.acmeair.web.dto.BookingInfo,com.acmeair.web.dto.BookingPKInfo,com.acmeair.web.dto.BookingReceiptInfo,com.acmeair.web.dto.CustomerInfo,com.acmeair.web.dto.FlightInfo,com.acmeair.web.dto.FlightPKInfo,com.acmeair.web.dto.FlightSegmentInfo,com.acmeair.web.dto.TripFlightOptions,com.acmeair.web.dto.TripLegInfo,com.acmeair.web.AcmeAirApp,com.acmeair.web.AppConfig,com.acmeair.web.BookingsREST,com.acmeair.web.CustomerREST,com.acmeair.web.FlightsREST,com.acmeair.web.LoginREST,com.acmeair.web.RESTCookieSessionFilter,com.acmeair.wxs.entities.AirportCodeMappingImpl,com.acmeair.wxs.entities.BookingImpl,com.acmeair.wxs.entities.BookingPKImpl,com.acmeair.wxs.entities.CustomerAddressImpl,com.acmeair.wxs.entities.CustomerImpl,com.acmeair.wxs.entities.CustomerSessionImpl,com.acmeair.wxs.entities.FlightImpl,com.acmeair.wxs.entities.FlightPKImpl,com.acmeair.wxs.entities.FlightSegmentImpl,com.acmeair.wxs.service.BookingServiceImpl,com.acmeair.wxs.service.CustomerServiceImpl,com.acmeair.wxs.service.FlightServiceImpl,com.acmeair.wxs.utils.MapPutAllAgent,com.acmeair.wxs.utils.WXSSessionManager,com.acmeair.wxs.WXSConstants,com.acmeair.AcmeAirConstants
0,-1,-1,-1,-1,-1,2,-1,-1,-1,-1,-1,-1,1,-1,-1,-1,-1,-1,8,-1,7,7,9,9,8,8,7,9,-1,-1,-1,8,4,0,4,0,0,0,0,0,0,4,0,0,-1,-1,-1,-1,-1,-1,-1,-1,-1,-1,-1,-1,-1,-1,6,6,6,5,5,-1,-1,-1,-1,5,-1,-1,-1,2,2,-1,-1,-1,1,1,-1,2,3,3,-1,3,3,-1
1,-1,-1,-1,-1,-1,2,-1,-1,-1,-1,-1,-1,1,-1,-1,-1,-1,-1,8,-1,7,7,9,9,8,8,7,9,-1,-1,-1,8,4,0,4,0,0,0,0,0,0,4,0,0,-1,-1,-1,-1,-1,-1,-1,-1,-1,-1,-1,-1,-1,-1,6,6,6,5,5,-1,-1,-1,-1,5,-1,-1,-1,2,2,-1,-1,-1,1,1,-1,2,3,3,-1,3,3,-1
2,-1,-1,-1,-1,-1,2,-1,-1,-1,-1,-1,-1,1,-1,-1,-1,-1,-1,7,-1,7,7,7,7,7,7,7,7,-1,-1,-1,7,4,0,4,0,0,0,0,0,0,4,0,0,-1,-1,-1,-1,-1,-1,-1,-1,-1,-1,-1,-1,-1,-1,6,6,6,5,5,-1,-1,-1,-1,5,-1,-1,-1,2,2,-1,-1,-1,1,1,-1,2,3,3,-1,3,3,-1
3,-1,-1,-1,-1,-1,2,-1,-1,-1,-1,-1,-1,1,-1,-1,-1,-1,-1,8,-1,7,7,9,9,8,8,7,9,-1,-1,-1,8,4,0,4,0,0,0,0,0,0,4,0,0,-1,-1,-1,-1,-1,-1,-1,-1,-1,-1,-1,-1,-1,-1,6,6,6,5,5,-1,-1,-1,-1,5,-1,-1,-1,2,2,-1,-1,-1,1,1,-1,2,3,3,-1,3,3,-1
4,-1,-1,-1,-1,-1,1,-1,-1,-1,-1,-1,-1,1,-1,-1,-1,-1,-1,3,-1,3,3,3,3,3,3,3,3,-1,-1,-1,3,0,0,0,0,0,0,0,0,0,0,0,0,-1,-1,-1,-1,-1,-1,-1,-1,-1,-1,-1,-1,-1,-1,2,2,2,2,2,-1,-1,-1,-1,2,-1,-1,-1,1,1,-1,-1,-1,1,1,-1,1,1,1,-1,1,1,-1
5,-1,-1,-1,-1,-1,3,-1,-1,-1,-1,-1,-1,1,-1,-1,-1,-1,-1,8,-1,7,7,9,9,8,8,7,9,-1,-1,-1,8,4,0,4,0,0,0,0,0,0,4,0,0,-1,-1,-1,-1,-1,-1,-1,-1,-1,-1,-1,-1,-1,-1,6,6,6,5,5,-1,-1,-1,-1,5,-1,-1,-1,1,3,-1,-1,-1,1,1,-1,2,2,2,-1,2,2,-1
6,-1,-1,-1,-1,-1,1,-1,-1,-1,-1,-1,-1,1,-1,-1,-1,-1,-1,4,-1,4,4,4,4,4,4,4,4,-1,-1,-1,4,2,0,2,0,0,0,0,0,0,2,0,0,-1,-1,-1,-1,-1,-1,-1,-1,-1,-1,-1,-1,-1,-1,3,3,3,3,3,-1,-1,-1,-1,3,-1,-1,-1,1,1,-1,-1,-1,1,1,-1,1,1,1,-1,1,1,-1
7,-1,-1,-1,-1,-1,1,-1,-1,-1,-1,-1,-1,1,-1,-1,-1,-1,-1,3,-1,3,3,3,3,3,3,3,3,-1,-1,-1,3,0,0,0,0,0,0,0,0,0,0,0,0,-1,-1,-1,-1,-1,-1,-1,-1,-1,-1,-1,-1,-1,-1,2,2,2,2,2,-1,-1,-1,-1,2,-1,-1,-1,1,1,-1,-1,-1,1,1,-1,1,1,1,-1,1,1,-1
8,-1,-1,-1,-1,-1,4,-1,-1,-1,-1,-1,-1,2,-1,-1,-1,-1,-1,8,-1,8,8,8,8,8,8,8,8,-1,-1,-1,8,5,0,5,0,0,0,1,0,0,5,0,0,-1,-1,-1,-1,-1,-1,-1,-1,-1,-1,-1,-1,-1,-1,7,7,7,6,6,-1,-1,-1,-1,6,-1,-1,-1,2,4,-1,-1,-1,2,2,-1,3,3,3,-1,3,3,-1
9,-1,-1,-1,-1,-1,1,-1,-1,-1,-1,-1,-1,1,-1,-1,-1,-1,-1,3,-1,3,3,3,3,3,3,3,3,-1,-1,-1,3,0,0,0,0,0,0,0,0,0,0,0,0,-1,-1,-1,-1,-1,-1,-1,-1,-1,-1,-1,-1,-1,-1,2,2,2,2,2,-1,-1,-1,-1,2,-1,-1,-1,1,1,-1,-1,-1,1,1,-1,1,1,1,-1,1,1,-1
10,-1,-1,-1,-1,-1,1,-1,-1,-1,-1,-1,-1,1,-1,-1,-1,-1,-1,3,-1,3,3,3,3,3,3,3,3,-1,-1,-1,3,0,0,0,0,0,0,0,0,0,0,0,0,-1,-1,-1,-1,-1,-1,-1,-1,-1,-1,-1,-1,-1,-1,2,2,2,2,2,-1,-1,-1,-1,2,-1,-1,-1,1,1,-1,-1,-1,1,1,-1,1,1,1,-1,1,1,-1
11,-1,-1,-1,-1,-1,1,-1,-1,-1,-1,-1,-1,1,-1,-1,-1,-1,-1,4,-1,4,4,4,4,4,4,4,4,-1,-1,-1,4,2,0,2,0,0,0,0,0,0,2,0,0,-1,-1,-1,-1,-1,-1,-1,-1,-1,-1,-1,-1,-1,-1,3,3,3,3,3,-1,-1,-1,-1,3,-1,-1,-1,1,1,-1,-1,-1,1,1,-1,1,1,1,-1,1,1,-1
12,-1,-1,-1,-1,-1,1,-1,-1,-1,-1,-1,-1,1,-1,-1,-1,-1,-1,3,-1,3,3,3,3,3,3,3,3,-1,-1,-1,3,0,0,0,0,0,0,0,0,0,0,0,0,-1,-1,-1,-1,-1,-1,-1,-1,-1,-1,-1,-1,-1,-1,2,2,2,2,2,-1,-1,-1,-1,2,-1,-1,-1,1,1,-1,-1,-1,1,1,-1,1,1,1,-1,1,1,-1
13,-1,-1,-1,-1,-1,2,-1,-1,-1,-1,-1,-1,1,-1,-1,-1,-1,-1,8,-1,7,7,8,8,8,8,7,8,-1,-1,-1,8,4,0,4,0,0,0,0,0,0,4,0,0,-1,-1,-1,-1,-1,-1,-1,-1,-1,-1,-1,-1,-1,-1,6,6,6,5,5,-1,-1,-1,-1,5,-1,-1,-1,2,2,-1,-1,-1,1,1,-1,2,3,3,-1,3,3,-1
14,-1,-1,-1,-1,-1,3,-1,-1,-1,-1,-1,-1,1,-1,-1,-1,-1,-1,10,-1,7,7,9,9,8,8,7,9,-1,-1,-1,8,4,0,4,0,0,0,0,0,0,4,4,0,-1,-1,-1,-1,-1,-1,-1,-1,-1,-1,-1,-1,-1,-1,6,6,6,5,5,-1,-1,-1,-1,5,-1,-1,-1,1,3,-1,-1,-1,1,1,-1,2,2,2,-1,2,2,-1
15,-1,-1,-1,-1,-1,1,-1,-1,-1,-1,-1,-1,1,-1,-1,-1,-1,-1,3,-1,3,3,3,3,3,3,3,3,-1,-1,-1,3,0,0,0,0,0,0,0,0,0,0,0,0,-1,-1,-1,-1,-1,-1,-1,-1,-1,-1,-1,-1,-1,-1,2,2,2,2,2,-1,-1,-1,-1,2,-1,-1,-1,1,1,-1,-1,-1,1,1,-1,1,1,1,-1,1,1,-1
16,-1,-1,-1,-1,-1,1,-1,-1,-1,-1,-1,-1,1,-1,-1,-1,-1,-1,4,-1,4,4,4,4,4,4,4,4,-1,-1,-1,4,2,0,2,0,0,0,0,0,0,2,0,0,-1,-1,-1,-1,-1,-1,-1,-1,-1,-1,-1,-1,-1,-1,3,3,3,3,3,-1,-1,-1,-1,3,-1,-1,-1,1,1,-1,-1,-1,1,1,-1,1,1,1,-1,1,1,-1
17,-1,-1,-1,-1,-1,1,-1,-1,-1,-1,-1,-1,1,-1,-1,-1,-1,-1,3,-1,3,3,3,3,3,3,3,3,-1,-1,-1,3,0,0,0,0,0,0,0,0,0,0,0,0,-1,-1,-1,-1,-1,-1,-1,-1,-1,-1,-1,-1,-1,-1,2,2,2,2,2,-1,-1,-1,-1,2,-1,-1,-1,1,1,-1,-1,-1,1,1,-1,1,1,1,-1,1,1,-1
18,-1,-1,-1,-1,-1,2,-1,-1,-1,-1,-1,-1,1,-1,-1,-1,-1,-1,8,-1,7,7,8,8,8,8,7,8,-1,-1,-1,8,4,0,4,0,0,0,0,0,0,4,0,0,-1,-1,-1,-1,-1,-1,-1,-1,-1,-1,-1,-1,-1,-1,6,6,6,5,5,-1,-1,-1,-1,5,-1,-1,-1,2,2,-1,-1,-1,1,1,-1,2,3,3,-1,3,3,-1
19,-1,-1,-1,-1,-1,2,-1,-1,-1,-1,-1,-1,1,-1,-1,-1,-1,-1,7,-1,7,7,7,7,7,7,7,7,-1,-1,-1,7,4,0,4,0,0,0,0,0,0,4,0,0,-1,-1,-1,-1,-1,-1,-1,-1,-1,-1,-1,-1,-1,-1,6,6,6,5,5,-1,-1,-1,-1,5,-1,-1,-1,2,2,-1,-1,-1,1,1,-1,2,3,3,-1,3,3,-1
20,-1,-1,-1,-1,-1,2,-1,-1,-1,-1,-1,-1,1,-1,-1,-1,-1,-1,7,-1,7,7,7,7,7,7,7,7,-1,-1,-1,7,4,0,4,0,0,0,0,0,0,4,0,0,-1,-1,-1,-1,-1,-1,-1,-1,-1,-1,-1,-1,-1,-1,6,6,6,5,5,-1,-1,-1,-1,5,-1,-1,-1,2,2,-1,-1,-1,1,1,-1,2,3,3,-1,3,3,-1
21,-1,-1,-1,-1,-1,2,-1,-1,-1,-1,-1,-1,1,-1,-1,-1,-1,-1,8,-1,7,7,9,9,8,8,7,9,-1,-1,-1,8,4,0,4,0,0,0,0,0,0,4,0,0,-1,-1,-1,-1,-1,-1,-1,-1,-1,-1,-1,-1,-1,-1,6,6,6,5,5,-1,-1,-1,-1,5,-1,-1,-1,2,2,-1,-1,-1,1,1,-1,2,3,3,-1,3,3,-1
22,-1,-1,-1,-1,-1,1,-1,-1,-1,-1,-1,-1,1,-1,-1,-1,-1,-1,3,-1,3,3,3,3,3,3,3,3,-1,-1,-1,3,0,0,0,0,0,0,0,0,0,0,0,0,-1,-1,-1,-1,-1,-1,-1,-1,-1,-1,-1,-1,-1,-1,2,2,2,2,2,-1,-1,-1,-1,2,-1,-1,-1,1,1,-1,-1,-1,1,1,-1,1,1,1,-1,1,1,-1
23,-1,-1,-1,-1,-1,2,-1,-1,-1,-1,-1,-1,1,-1,-1,-1,-1,-1,7,-1,7,7,8,8,7,7,7,8,-1,-1,-1,7,4,0,4,0,0,0,0,0,0,4,0,0,-1,-1,-1,-1,-1,-1,-1,-1,-1,-1,-1,-1,-1,-1,6,6,6,5,5,-1,-1,-1,-1,5,-1,-1,-1,2,2,-1,-1,-1,1,1,-1,2,3,3,-1,3,3,-1
